Period,CAGR
1 Year,0.032795703009260935
3 Years,0.14128251825422367
5 Years,0.15289530018327624
