Metric,Value
Annual Return,0.2343533379751736
Annual Volatility,0.1519887294356353
Sharpe Ratio,1.1142493170646044
Maximum Drawdown,-0.4026012761687717
Sortino Ratio,1.3493575931857391
Value at Risk (95%),-0.0151017610690604
1 Year,0.0327957030092609
3 Years,0.1412825182542236
5 Years,0.1528953001832762
