Metric,Value
Annual Return,0.23435333797517363
Annual Volatility,0.15198872943563535
Sharpe Ratio,1.1142493170646044
