Metric,Value
Maximum Drawdown,-0.4026012761687717
Sortino Ratio,1.3493575931857393
Value at Risk (95%),-0.01510176106906046
